cost,probability,optimal
74.4,0.03701855577735376,0.027241936469631897
45.00000000000003,0.15011015259148497,0.00039836527603262875
57.00000000000003,0.08028475723878215,0.020096836137305892
68.4,0.08669524907682938,0.01769613944033536
77.00000000000003,0.2824030036368894,0.0013439738716014926
48.00000000000003,0.07191936566818573,0.002904724769880121
88.4,0.10492283356676096,0.0013750348263552076
38.00000000000003,0.06599371180323862,0.017475095997785735
68.4,0.07892016695029,0.05850527828917151
68.4,0.07892016695029,0.0585052782891715
68.4,0.06089141608074551,0.0035497021878676442
72.4,0.05003636353846007,0.02450913244042258
71.4,0.05832671494281573,0.016233026812378818
41.00000000000003,0.0936664515577257,0.008407658745544907
43.00000000000003,0.06710957986370247,0.019134354029893465
64.39999999999999,0.13442828332212453,0.009025327636611851
68.00000000000003,0.13172970488024113,0.0009714217274042364
61.00000000000003,0.0974503363679647,0.013557132328736015
42.00000000000003,0.11416244415963386,0.002651798433570176
42.00000000000003,0.1141624441596338,0.0026517984335701
49.00000000000003,0.04058063669687121,0.007976854450910169
50.00000000000003,0.0878190331926628,0.0017156018890892245
64.39999999999999,0.08862665087170957,0.011781976838614025
29.00000000000003,0.07377289140253442,0.012211589508215775
68.00000000000003,0.10743640882266312,0.0009562904154878008
34.00000000000003,0.10360644272595879,0.07532473669727165
72.4,0.07257098847776779,0.02626639556218943
79.4,0.06760752652547357,0.02083025340854721
83.4,0.05268515419360797,0.016692524729566154
83.4,0.0526851541936079,0.0166925247295661
84.4,0.08752213598222497,0.0010289888109124604
44.00000000000003,0.14013324865095422,0.00017129932221829645
59.00000000000003,0.1056269811607146,0.002278590040220554
80.4,0.32410948286242197,0.030884008173677077
74.4,0.08291491654101713,0.00040542988452201554
66.00000000000003,0.05843581493518899,0.018801669762344597
41.00000000000003,0.10946814840465126,0.015106393143844791
27.00000000000003,0.0348266664741591,0.0348266664741591
27.00000000000003,0.10613050262616971,0.10613050262616971
72.4,0.059141569140831414,0.0478458826229025
49.00000000000003,0.09923327746769177,0.002924683788344515
64.39999999999999,0.06812555272596207,0.0425860451027198
74.4,0.11595436103722671,0.0031481537463406077
66.00000000000003,0.10917928093586544,0.00010606274839524796
79.4,0.055971299620068936,0.0020456000044909305
54.00000000000003,0.09114480537939795,0.022985830319357695
34.00000000000003,0.3099387319456775,0.016639567304113617
49.00000000000003,0.10007192382124071,0.05238041430855641
43.00000000000003,0.12182634685102357,0.0033149865503869775
50.00000000000003,0.05524903695143647,0.02339301996351467
81.00000000000003,0.0722089405861397,0.010896907116021825
27.00000000000003,0.04627690085237121,0.04627690085237121
74.4,0.12121413272325705,0.00025667670579850857
49.00000000000003,0.11414032777753098,0.0011286963018786917
41.00000000000003,0.17462799147380365,0.022539668909959523
42.00000000000003,0.07427550999910384,0.06397167463396869
50.00000000000003,0.07762397732682472,0.006918279186360729
56.00000000000003,0.09134660197675376,0.002008765296321971
80.4,0.05672031594523132,0.003844475046959194
27.00000000000003,0.07774738713698127,0.07774738713698127
91.4,0.06949555030608323,0.005551332853669807
80.4,0.12873746221737434,0.002658755706613682
27.00000000000003,0.11020542737429001,0.11020542737429001
91.4,0.12458182021948602,0.0002956760824228649
77.00000000000003,0.10582854527994599,0.002250028293848704
41.00000000000003,0.08954456915657866,0.0053544929591082865
35.00000000000003,0.1762283775476038,0.140784530625767
34.00000000000003,0.05161799651279926,0.02802075534437971
34.00000000000003,0.19771797709245065,0.1865697101130674
56.00000000000003,0.047551587154402095,0.01609039243137106
77.00000000000003,0.039816184757297354,0.013284036562037452
94.4,0.09365929350682568,0.005539897502307285
68.4,0.06034487709091834,0.03443483015507598
74.4,0.0919805871880653,0.005406072153971263
41.00000000000003,0.10013742111842884,0.0026578272430965184
80.4,0.08331839253549117,0.009130407613661733
41.00000000000003,0.06575222431662038,0.0046342587988591815
61.00000000000003,0.10830689758761398,0.04753009397008168
84.4,0.12099380162992979,0.008907174540426355
41.00000000000003,0.08380373476794539,0.020137479695754065
49.00000000000003,0.18856921363193946,0.003339109928348533
61.00000000000003,0.052405261714684966,0.04099733024355477
76.4,0.09699461909461082,0.007229254884776083
36.00000000000003,0.21945793300613248,0.0008372283558343228
56.00000000000003,0.04845320331105313,0.013562683646312761
50.00000000000003,0.0938842995811177,0.027143177991721158
54.00000000000003,0.053379869604877186,0.009837781939811826
34.00000000000003,0.15712205471516172,0.022275584965464595
80.4,0.225422387606772,0.013199728415398555
64.39999999999999,0.1804011962634172,0.08345354408152987
27.00000000000003,0.061528802273083404,0.061528802273083404
34.00000000000003,0.2033596344710246,0.00858414389596621
72.4,0.10327572864638687,0.10003119365785341
64.39999999999999,0.28072364763121,0.04255481703651808
81.00000000000003,0.06968462031576801,0.0009320227867155841
67.4,0.06370276064826166,0.01830645476706703
54.00000000000003,0.07944197151232599,0.0025460614643782785
86.4,0.05494963886334922,0.018690127903676707
70.00000000000003,0.1392876302708779,0.008158610866381222
45.00000000000003,0.1090650430528578,0.0046986498015545945
72.4,0.08155350142464407,0.017673378726876993
76.4,0.07869580326614573,0.0006773455231404696
59.00000000000003,0.0507490003085558,0.011641167750529488
59.00000000000003,0.055933517849491646,0.0024449576420748193
45.00000000000003,0.0921063728620197,0.011793967156566056
36.00000000000003,0.18085076973569736,0.10923340818389693
50.00000000000003,0.0710847825608971,0.005913984727844036
84.4,0.07700160654484874,0.0001468477463384083
44.00000000000003,0.0890151775657485,0.037223347570368014
71.4,0.07066983843693042,0.038064188021456655
29.00000000000003,0.21262314719391906,0.046823010769945765
45.00000000000003,0.11404747042317205,0.002606500715772658
45.00000000000003,0.132873671027276,0.0001140209809499705
34.00000000000003,0.07075152145765345,0.04867196476400147
59.00000000000003,0.16581978373351544,0.00039598936473192665
71.4,0.12398224598641859,0.007894365585772391
41.00000000000003,0.08515207727109174,0.006665230376709281
83.4,0.11240694099306092,0.011269037433275658
61.00000000000003,0.08029130107498972,0.004519037609163014
45.00000000000003,0.1290924797329671,0.05028335640647434
56.00000000000003,0.06937151936894431,0.01963477185019906
68.4,0.18922961569744876,0.02690706006843687
68.4,0.28712481303241993,0.016345209155275795
80.4,0.0952905889845458,0.00777409318580868
35.00000000000003,0.11367218663938007,0.06767997282207193
79.4,0.0666643661054624,0.012212984322305463
67.4,0.08704473612124716,0.009659851284441088
62.00000000000003,0.07565253273843071,8.738568839368863e-05
27.00000000000003,0.08468197890352568,0.08468197890352568
46.00000000000003,0.08755599931044018,0.014688523203913194
34.00000000000003,0.05175225142206292,0.007809858916248045
65.00000000000003,0.04928414783084658,0.00042911829124123375
64.39999999999999,0.09603461709610552,0.0637890703530441
64.39999999999999,0.11053468183133482,0.002697677043079924
79.4,0.059560465688596846,0.003900330188665255
70.00000000000003,0.04918023459314268,0.00247138356624145
81.00000000000003,0.05329950488096511,0.010322157599410737
29.00000000000003,0.18698354117734417,0.012487221105873405
43.00000000000003,0.15705344184430797,0.08089000725910539
41.00000000000003,0.09001618352123351,0.029657490800881443
72.4,0.11678120967881517,0.03195898271623753
45.00000000000003,0.057677112282043586,0.034149843909889274
84.4,0.05254862072391538,0.029530813107539928
61.00000000000003,0.12870643810217777,0.00015854956938592555
43.00000000000003,0.08456209445054627,0.00939707385954461
76.4,0.10965824600907915,0.03420955780167993
79.4,0.04350955676491805,0.002749042215061626
66.00000000000003,0.12908931251578307,0.003625370324416892
43.00000000000003,0.06433335207145628,0.008243247370355748
61.00000000000003,0.052735629277876776,0.016135999646788208
41.00000000000003,0.10173429842292306,0.00012706769830926804
68.4,0.05881407690926502,0.013404604360570938
56.00000000000003,0.10553695869612752,0.012597254511573784
49.00000000000003,0.05615589449527653,0.0009823323678729247
41.00000000000003,0.1041523498783639,0.08780895763677853
98.4,0.04445286973335442,0.009587733482999853
49.00000000000003,0.11382725139355085,0.003681116056926647
86.4,0.05986842046907777,0.01696409969824114
49.00000000000003,0.04416626864981333,0.038479048437293
70.00000000000003,0.08699698205061218,0.03272106651856003
27.00000000000003,0.03707709301921572,0.03707709301921572
38.00000000000003,0.07430102203046487,0.004861223897933817
43.00000000000003,0.05355255158254514,0.04418616542860137
88.4,0.05262708273009599,0.0010048451415898974
51.00000000000003,0.06148358572509778,7.612299897461572e-05
94.4,0.04796309872951954,0.0014185840535159814
95.4,0.0868628527490555,0.009364205270538646
34.00000000000003,0.062335672387013326,0.012034429366429103
41.00000000000003,0.10383453949413898,0.023821777649178835
74.4,0.043492847114425,0.008516177022933403
34.00000000000003,0.09136899769786712,0.0023926636008692248
50.00000000000003,0.16701188060089653,0.0024887823016759764
36.00000000000003,0.11686556139991698,0.0005402549589308931
71.4,0.060261632706557405,0.010148677886450545
72.4,0.12707558665529312,0.08553865304061758
42.00000000000003,0.10275519345054915,0.03667092000130335
94.4,0.09900815454507869,0.006391611138230778
57.00000000000003,0.3100318752191948,0.011082972274648741
49.00000000000003,0.098236682022625,0.024416892804429838
27.00000000000003,0.11400564830210332,0.11400564830210332
35.00000000000003,0.079585450271704,0.024104508843864142
76.4,0.07880131436516738,0.017273722362611318
46.00000000000003,0.13302518860094914,0.0039041292353166725
79.4,0.06617914876889035,0.005746636898833442
56.00000000000003,0.07802048306531627,0.00016050644069169623
27.00000000000003,0.13584525386449856,0.13584525386449856
34.00000000000003,0.06022433862495806,0.05000508238107127
68.00000000000003,0.1114294546904131,0.000305887023354378
43.00000000000003,0.08405737682215193,0.04943118846223552
36.00000000000003,0.033644471929935985,0.006650533679446221
64.39999999999999,0.15632894007359888,0.00547918818185734
35.00000000000003,0.11430809551628075,0.11249710604191555
74.4,0.14091616461656248,0.00048589241165673184
59.00000000000003,0.1435485485335359,0.0027266213539968126
36.00000000000003,0.14605742064674795,0.07677026445637831
91.4,0.0640559823031811,0.010777807748087249
79.4,0.06937960710419934,0.028984865856518674
84.4,0.20160965154278465,0.0010954470466264536
48.00000000000003,0.0727597359882305,0.005854927383548617
46.00000000000003,0.12045851753565348,0.008587822291068952
84.4,0.06063737978526524,0.036287124997949255
41.00000000000003,0.060117159780628794,0.02607330060586089
61.00000000000003,0.09025251078615988,0.012509005339497618
72.4,0.06898027624205802,0.025571955669364328
84.4,0.19647775059414802,0.00017053371033500962
36.00000000000003,0.06963461386408966,0.0016254364031534484
43.00000000000003,0.08797788358123945,0.07671802026354621
45.00000000000003,0.08851108529824872,0.009797351492652697
68.4,0.1803192861331329,0.03889329180579928
36.00000000000003,0.1932458504763787,2.9648126639632796e-05
38.00000000000003,0.05678182041550079,0.02047210163383332
46.00000000000003,0.11635104892276578,0.03175880335512564
68.4,0.24990041545151498,0.007064242237408947
71.4,0.08197920480145851,0.002582393084858617
70.00000000000003,0.13183513762464968,0.0035694694343785653
43.00000000000003,0.08798163353406523,0.07671459635888836
106.4,0.0907603999279908,0.0009138466151292813
41.00000000000003,0.061462933689028734,0.02905941608186539
50.00000000000003,0.06695214087539067,0.02228983343319352
74.4,0.11294141600732703,0.001206369988701684
38.00000000000003,0.09419787845662535,0.029641813204802598
79.4,0.09315956982769592,0.00043086467433447524
86.4,0.05177179363704826,0.00999247444579904
59.00000000000003,0.07818625771152592,0.002016036387123621
68.4,0.22604906117834167,0.04198079585568475
49.00000000000003,0.07165153525222628,0.004598190037187718
76.4,0.04592703432015633,0.01132743004817359
80.4,0.046701493764466376,0.017836150967989694
45.00000000000003,0.09249442659306728,0.0005962203607656303
83.4,0.37744945700320254,0.0001698781307918386
27.00000000000003,0.08041571304583998,0.08041571304583998
83.4,0.05531787700382065,0.0069162811268575555
48.00000000000003,0.15150905965373537,0.0013514170287081237
34.00000000000003,0.07878886627594814,0.01933446228202556
42.00000000000003,0.25438061744218815,0.09116757688564847
49.00000000000003,0.14333167180786244,0.0075597777147371524
68.4,0.18916795570058914,0.02257546690845666
74.4,0.13523529296441514,0.0019050903015105207
61.00000000000003,0.07876348309552961,0.021345879437804402
49.00000000000003,0.10130543995097374,0.001583422098475484
45.00000000000003,0.12323005741988549,8.256041436720812e-05
48.00000000000003,0.10219680779268536,0.004684117338938966
34.00000000000003,0.07027740809334139,0.020072631109192666
41.00000000000003,0.08446715416626745,0.0043207141039149285
64.39999999999999,0.06446679150429853,0.024917223316042528
48.00000000000003,0.0765470482867606,0.0005319883706832741
70.00000000000003,0.06637496808563345,0.0010924149400932033
45.00000000000003,0.0877867998349868,0.009623310323500358
59.00000000000003,0.057583387975968195,0.028442038384099866
68.4,0.15866987406582606,0.012729807826977062
27.00000000000003,0.15557603190748912,0.15557603190748912
50.00000000000003,0.06540865792529298,0.03340777087884756
44.00000000000003,0.0834978860912791,0.018938464999894433
84.4,0.0753738058368646,0.005660114539070231
27.00000000000003,0.19206192973445413,0.19206192973445413
80.4,0.11853083099626113,0.000862098149080497
71.4,0.0840598247204151,0.012203505942281864
34.00000000000003,0.10747943662383555,0.02338914579294799
61.00000000000003,0.0755128566994262,0.022388927416799088
27.00000000000003,0.175414393080547,0.175414393080547
27.00000000000003,0.11132465010983812,0.11132465010983812
71.4,0.08474704783260492,0.0072079660664459404
34.00000000000003,0.11038271004231742,0.03773361704683557
83.4,0.05073124938841343,0.00896786212576024
29.00000000000003,0.13495883976211398,0.013192135007261567
65.00000000000003,0.05671391670148502,0.00223200536111767
80.4,0.10302287257449397,0.0015743343098312444
68.4,0.12868868229449548,0.006605436503368946
54.00000000000003,0.07409227804202158,0.0015049384511055307
50.00000000000003,0.047139353679902005,0.0017486127335055379
45.00000000000003,0.18293092978892267,9.754689797392607e-05
70.00000000000003,0.06407123284921437,0.006550474041232988
41.00000000000003,0.07760228719352383,0.052682282514205314
54.00000000000003,0.04842309173795156,0.04075869875326696
48.00000000000003,0.10161851610605332,0.0033301810987229996
94.4,0.13891068895935121,4.417478899793315e-05
29.00000000000003,0.0629237763610784,0.03684268366508811
79.4,0.10179283871507395,0.005520628114764762
34.00000000000003,0.1817376945759061,0.12261724497576468
27.00000000000003,0.14085373651531075,0.14085373651531075
61.00000000000003,0.08139691555227332,0.014095056651647448
64.39999999999999,0.07926949441067312,0.016574828923727327
48.00000000000003,0.2456331282250396,0.00023411348537699363
41.00000000000003,0.07760227332094354,0.05268031832784554
27.00000000000003,0.04772537397758642,0.04772537397758642
91.4,0.07120263129416628,0.011132808061135304
81.00000000000003,0.07569848469832569,0.0019965240819573168
59.00000000000003,0.04215483559316646,0.007338483915221364
27.00000000000003,0.22981750091404435,0.22981750091404435
41.00000000000003,0.10366949595042103,0.002251824979447365
41.00000000000003,0.09563428069712052,0.0001109050621818398
64.39999999999999,0.3964737418319573,0.04695271583980716
43.00000000000003,0.1421871387585053,0.125794329278417
34.00000000000003,0.09180438477386756,0.004502757477244999
34.00000000000003,0.12328088626018319,0.08126632253871859
57.00000000000003,0.09956670371328843,0.0022672855327842
44.00000000000003,0.14690649492550223,0.00019871173620734518
83.4,0.06377551157367509,0.0013871142754421132
94.4,0.17137921689066427,0.0005190577154483852
79.4,0.08416619938236476,0.0004760914832983083
65.00000000000003,0.07930735648086182,0.0004078415275232081
71.4,0.06442969792506852,0.010549982673748994
44.00000000000003,0.06501734562045786,0.03167575187183921
45.00000000000003,0.06383473061129184,0.00889678083729017
35.00000000000003,0.14337637555013016,0.05797389762149292
68.4,0.4534655609134938,0.009712231196458917
68.4,0.2984384014720824,0.005226691986409688
80.4,0.1607744334197442,0.0003157157999843109
27.00000000000003,0.13597000619653574,0.13597000619653574
29.00000000000003,0.10217481727136263,0.004392509093929181
50.00000000000003,0.09712727383595765,0.0004127840635264633
68.4,0.06498964873182327,0.0007737937608259123
48.00000000000003,0.08004738548704847,0.017799120563475462
95.4,0.08184180675333594,0.0026016932805403197
74.4,0.08912437680691386,0.0003290886412374423
41.00000000000003,0.08946703476380943,0.034104081348385704
64.39999999999999,0.16364349322915375,0.10592680458209225
43.00000000000003,0.08845707982936597,0.019705183328958084
72.4,0.10310554207701418,0.05615759265585163
35.00000000000003,0.06330760349311197,0.05910872937762983
48.00000000000003,0.11629621160461108,0.003244920218868863
54.00000000000003,0.1303137362426516,0.0007839930181254041
49.00000000000003,0.1155203150108027,0.003419246596589501
80.4,0.16137460877773974,0.004423309031236567
68.4,0.1644399605040085,0.07710956108513983
27.00000000000003,0.11396613015147429,0.11396613015147429
64.39999999999999,0.059832006728942434,0.04504415951985803
70.00000000000003,0.06668360357379549,0.01768626976950391
59.00000000000003,0.08269314928412073,0.0061912052376775625
48.00000000000003,0.0510670910079782,0.0009944083267931668
50.00000000000003,0.06062198406321733,0.024347928502474206
80.4,0.2592603454847898,0.003010350230762956
83.4,0.044634086413832444,0.004288071856937493
74.4,0.1541500590837105,0.0004727441566676149
49.00000000000003,0.08165102361954536,0.020540023245556024
74.4,0.2563684770303191,0.0022357933954620913
74.4,0.08900194993988918,0.0017241493702886213
94.4,0.09217572360376977,0.0015999447744960802
29.00000000000003,0.06411380726497204,0.007172733983873902
43.00000000000003,0.07306125327737008,0.040380951129759785
50.00000000000003,0.04362991176902429,0.009698012264803855
64.39999999999999,0.05900765090921956,0.006319110824613495
74.4,0.05407752728629135,0.008931122082753252
74.4,0.06771132987218986,0.0012595645794373739
66.00000000000003,0.07011784897864853,0.013540902914312128
41.00000000000003,0.059101123170373325,0.012446814122311394
61.00000000000003,0.10377965540775375,0.0017382489382644457
59.00000000000003,0.1045236074187335,0.04771028367850889
57.00000000000003,0.057684270786126306,0.003827269185801511
64.39999999999999,0.11721423131458597,0.017913007982928237
80.4,0.1717113680589484,0.037632627237176274
77.00000000000003,0.04546786516962392,0.01252751955600919
34.00000000000003,0.1710884711621084,0.15328833338505277
42.00000000000003,0.06853145022894838,0.01896535204040485
34.00000000000003,0.08238443862723652,0.04415833613465549
29.00000000000003,0.0490636278701974,0.0006762003896041744
91.4,0.05357306108809875,0.012104718575546696
29.00000000000003,0.09871630793313371,0.003893308411485405
83.4,0.07426421517109946,0.02442355897246014
45.00000000000003,0.08018108350366913,0.011682672925070949
98.4,0.04850522076989229,0.002848761068140473
36.00000000000003,0.05561303312974959,0.0010448596081394108
95.4,0.06792558390673717,0.003184623733035577
45.00000000000003,0.09376992125532592,0.0005079325774605557
46.00000000000003,0.106267041378103,0.08032915661919429
64.39999999999999,0.17280846242909706,0.0024397923667587064
53.00000000000003,0.04378770945607169,0.0178744423160201
64.39999999999999,0.11182810515194092,0.020363385331401338
49.00000000000003,0.11059382547269433,0.06230402208007857
68.4,0.38182414379793195,0.003974708354218427
45.00000000000003,0.19368974132015374,0.003186799217068011
53.00000000000003,0.10235988839701923,0.014938019166692037
68.4,0.06190155745498284,0.00044593046917808086
54.00000000000003,0.07471495048966727,0.022887896045977827
66.00000000000003,0.1346820700361016,0.001884856728835631
64.39999999999999,0.07513784645058909,0.01992716211447124
74.4,0.15683787551436132,0.003583552727383661
68.4,0.21470032656834714,0.027620239445836997
71.4,0.08685947263515423,0.027270409693454227
34.00000000000003,0.2383690163052213,0.0732950302816088
49.00000000000003,0.11316905119045978,0.10866504333490354
36.00000000000003,0.08412468782193297,0.012387594687646124
43.00000000000003,0.05387279625294435,0.001237586352721125
34.00000000000003,0.047862080608615375,0.009286422706107118
49.00000000000003,0.0804516565259494,0.0035262641626156496
43.00000000000003,0.1030915111764795,0.05369327805592641
43.00000000000003,0.07579613867782892,0.0024452492650102057
41.00000000000003,0.1743821989305802,0.001993447903093676
65.00000000000003,0.04400123457166263,0.02695242814146278
36.00000000000003,0.05051925241722356,0.003932567959451558
36.00000000000003,0.20245596634669383,0.00015941285690647712
27.00000000000003,0.03319916794763549,0.03319916794763549
64.39999999999999,0.30787492379115083,0.0007648402480593141
57.00000000000003,0.054762219356429206,0.007131412877012104
80.4,0.21503717218332272,0.016122436212115166
98.4,0.06961798954520995,0.017317390219108542
27.00000000000003,0.1956038194194238,0.1956038194194238
57.00000000000003,0.08293034791647101,0.02574653786923882
36.00000000000003,0.20961022367422638,0.010322157599410737
41.00000000000003,0.20122347078150868,0.00019105600584855536
27.00000000000003,0.09730760871072096,0.09730760871072096
83.4,0.06859495394613331,0.011930814295278789
34.00000000000003,0.08094354117128141,0.03623952629810014
45.00000000000003,0.08355223645379399,0.0037874664618581157
74.4,0.14536000095901197,0.000856217261356157
48.00000000000003,0.09545449732303207,0.0005915506236863964
41.00000000000003,0.04865504393146706,0.021681590326390093
72.4,0.10671264237979008,0.05883826563150494
27.00000000000003,0.2151035036014045,0.2151035036014045
61.00000000000003,0.06575331857262225,0.00566592071896442
83.4,0.06927842031013012,0.010540259919684415
50.00000000000003,0.05478929879246743,0.023877000249030306
45.00000000000003,0.03680721132060731,0.017809398744826878
41.00000000000003,0.17834232978811257,0.14802497157769903
68.4,0.058815992931708055,0.013408801051219636
27.00000000000003,0.24948516594958128,0.24948516594958128
41.00000000000003,0.0988785646139284,0.00034937813504523857
74.4,0.13632172639760792,0.0009002301634058312
65.00000000000003,0.14606396517888082,0.0007345359178062735
67.4,0.08179755082933947,0.006001997868168159
83.4,0.04320588162190258,0.0032819250445867707
71.4,0.053319389077290474,0.037236636137895227
57.00000000000003,0.07176140160322936,0.0031418507963706004
67.4,0.06145850906603214,0.05949281281910305
64.39999999999999,0.0987085102383329,0.02542687227361126
83.4,0.0690041609261516,0.008101103365177645
91.4,0.0378391013902812,0.005799999470051678
34.00000000000003,0.20335855946427672,0.008578181824015735
83.4,0.07082671135493704,0.0014544310019987189
76.4,0.09624800254276863,0.03254212044441222
29.00000000000003,0.18393391123256025,0.14663854963707337
57.00000000000003,0.05475402033221608,0.0031926025495654592
45.00000000000003,0.11582686857671995,0.012940190634688408
57.00000000000003,0.22353876489738533,0.0002706384331032726
42.00000000000003,0.0701323157860777,0.0286429194103987
49.00000000000003,0.05446185448244557,0.0025551672488530065
59.00000000000003,0.15127670170283453,0.015547008422994365
76.4,0.1272960543269088,0.01967260311008554
68.4,0.0655788678048581,0.003621060719667222
64.39999999999999,0.21580906659036295,0.03278247037278928
41.00000000000003,0.0491114594418734,0.031741407145943104
64.39999999999999,0.07919381041403205,0.0225631198154126
50.00000000000003,0.07507140944867423,0.016415321883780233
27.00000000000003,0.11969285702805268,0.11969285702805268
50.00000000000003,0.06445744758414945,0.05262971994299359
68.00000000000003,0.10596630345955271,0.001797305170370493
84.4,0.13692256941534003,0.0009293794951073738
27.00000000000003,0.13843132236909889,0.13843132236909889
36.00000000000003,0.08239190669944269,0.02149705306571198
27.00000000000003,0.08389753057430657,0.08389753057430657
68.4,0.12326795653451855,0.03871317268656044
72.4,0.13770427598542526,0.018604503834530366
35.00000000000003,0.08735025272553361,0.06831409117927792
44.00000000000003,0.06401849033794108,0.0073207606859126174
43.00000000000003,0.053709025730643865,0.04178445472498442
54.00000000000003,0.06949933859080942,0.021954126301605526
99.4,0.05649852828980693,0.01342718068330862
66.00000000000003,0.13145309768838745,3.9413177971660694e-05
46.00000000000003,0.07672865373219352,0.0009028722292985109
64.39999999999999,0.07908226738197237,0.018225243499071078
98.4,0.046346615677852386,0.007263902864396687
74.4,0.0815020786712292,0.01116358135271564
64.39999999999999,0.05345444756802031,0.012519815472838052
66.00000000000003,0.15278944443764977,0.011148194706925473
64.39999999999999,0.08823352884833256,0.015955663982135854
84.4,0.042018926039148745,0.007812185644155987
61.00000000000003,0.061337418321779726,0.03009970724704836
43.00000000000003,0.059427600585723536,0.021533835643478445
27.00000000000003,0.05211846681105935,0.05211846681105935
34.00000000000003,0.06437793146725312,0.016684993563048263
27.00000000000003,0.06948670774309827,0.06948670774309827
94.4,0.105555242985049,0.0018568213996740521
57.00000000000003,0.12734422214421495,0.0022156164535882166
34.00000000000003,0.07079646452436077,0.018526274549098654
77.00000000000003,0.06264922388450289,0.0024587810473633543
49.00000000000003,0.06261401812230571,0.02569697562846479
50.00000000000003,0.09338857825904992,0.013708907648062622
29.00000000000003,0.08039817725360893,0.00023070598693932632
56.00000000000003,0.14444158119229855,0.00012669786195490963
76.4,0.0714702449279507,0.006436249156929373
95.4,0.04228054608145687,0.0061839262031329455
74.4,0.1615927429375272,0.0005759047136776072
84.4,0.27720524098469923,0.019916435371674656
68.4,0.05183536961519412,0.0076629839492756025
68.4,0.2696423175077295,0.03280119635436102
71.4,0.09656527312561629,0.000845390273867919
43.00000000000003,0.09143782208099072,0.016218074439254822
62.00000000000003,0.15516454326421045,0.0001507257738762971
43.00000000000003,0.07648922336970145,0.00827937629483423
59.00000000000003,0.0864628006446262,0.010460057057311997
41.00000000000003,0.1520902466192744,0.008354406130793277
64.39999999999999,0.08671943355141047,0.03263913643308061
83.4,0.0573094637217999,0.011160433054208281
41.00000000000003,0.0842708075475365,0.02841964953102947
84.4,0.09983005807003856,0.014739507485842044
72.4,0.15388017066384888,0.018713063134619415
51.00000000000003,0.06723466669064708,0.014216563340852867
76.4,0.15272962883254998,0.02919968842694578
36.00000000000003,0.12871720438271395,0.0023915630250914417
44.00000000000003,0.09034133149657872,0.0005569682922430457
84.4,0.1520935159970113,0.000297217307504141
74.4,0.12013556094424549,0.014390447523773933
71.4,0.047058185614311014,0.007649657707633243
46.00000000000003,0.050587055279088335,0.0052130643182874735
29.00000000000003,0.1332043754614615,0.1063906878659347
66.00000000000003,0.05870560018101404,0.015537368054774873
53.00000000000003,0.04436625495190751,0.00669396251323172
27.00000000000003,0.24763786865812992,0.24763786865812992
83.4,0.09735928985514965,0.027943932070225788
70.00000000000003,0.13518190370600153,0.004912238166177343
91.4,0.09140945558607359,0.0009000505730445796
41.00000000000003,0.08948192038975729,0.009717799871698742
59.00000000000003,0.12257302825945408,0.0007692753171361662
49.00000000000003,0.0646055579545125,0.0554099406533046
74.4,0.14328730577361082,0.011148194706925473
79.4,0.07862046113154966,5.040678666165345e-05
43.00000000000003,0.06674066625377775,0.004553814853979626
57.00000000000003,0.053336043444282624,0.009448474633019404
84.4,0.13348207609771484,0.1147659513075545
27.00000000000003,0.14074485663760955,0.14074485663760955
49.00000000000003,0.06349302822588761,0.020537529191749056
77.00000000000003,0.1451161349709528,0.001703317660853598
67.4,0.08919859771700968,0.014817404384380924
57.00000000000003,0.14091323643790032,0.006312296550532472
57.00000000000003,0.10425731684513648,0.009838808430242688
27.00000000000003,0.2108387715115882,0.2108387715115882
29.00000000000003,0.08599236886039993,0.075593560167325
35.00000000000003,0.14076963551554322,0.01774212914597854
45.00000000000003,0.12074641965465956,0.0003588475913305302
94.4,0.04327489798145099,0.0010294262749973894
77.00000000000003,0.12436099148056343,0.011148194706925473
80.4,0.28049933431547497,0.0001589587217687011
68.4,0.1509411580774235,0.0375172973030772
41.00000000000003,0.08403989765365524,0.007619811773339076
29.00000000000003,0.09710594000974752,0.04218046533585017
74.4,0.052674489931521636,0.03949144871764617
44.00000000000003,0.07111835294662569,0.0059368652868426715
68.00000000000003,0.11511498162592376,0.0017471854193674154
43.00000000000003,0.04546991602981466,0.0279005919286293
66.00000000000003,0.08937366609518174,0.008517064144151126
41.00000000000003,0.047435041886755326,0.003565435173144775
72.4,0.07258641744778913,0.02047365229924667
71.4,0.131615173980563,0.006537481216267401
83.4,0.06123740860285035,0.04171405756905693
53.00000000000003,0.08416963330041538,0.011465575122914844
27.00000000000003,0.1155880111992458,0.1155880111992458
46.00000000000003,0.07498200793149165,0.00031769697505796375
68.4,0.2681045753943254,0.03319512022803601
34.00000000000003,0.0363852673871781,0.029248842360790863
36.00000000000003,0.2781644988935055,0.011148194706925473
88.4,0.03969381970239644,0.011573357842024092
74.4,0.11835957832351915,0.0004348292381491617
29.00000000000003,0.19376907421489933,0.16966129600563137
80.4,0.15607532972101804,0.005411728279317488
54.00000000000003,0.08194455910173343,0.006943322013178808
74.4,0.11897550601224204,0.003223125706795765
91.4,0.04866056734650933,0.0014266534537712308
74.4,0.12085862672547902,0.00012952574868823388
34.00000000000003,0.08493399701845107,0.03339940660879842
41.00000000000003,0.06816236668807774,0.032520159360459655
41.00000000000003,0.14962947960207335,0.002878332740048163
91.4,0.06114165581802605,0.006594983939725011
79.4,0.11752211654911304,0.00024139231352467947
49.00000000000003,0.07968690066573125,0.004325628945790503
29.00000000000003,0.19208122102422603,0.16132434986720012
57.00000000000003,0.14593239020506682,0.00026258199885783527
36.00000000000003,0.1269958711517879,0.026669316965577287
61.00000000000003,0.04484376342404703,0.0003199084237905387
34.00000000000003,0.059536095077286924,0.00908498921165249
42.00000000000003,0.07895027924131835,0.0012786962109282627
36.00000000000003,0.12789729144784892,0.017961559131592957
59.00000000000003,0.08642841459886066,0.013912403285605116
64.39999999999999,0.09984428511079949,0.029595299696970893
27.00000000000003,0.037629820811872376,0.037629820811872376
67.4,0.11084315027228056,0.024364247905122198
50.00000000000003,0.08781836686966038,0.0017155744172767454
88.4,0.07381420237686803,0.012814012114871813
45.00000000000003,0.13955874615211605,0.0010088233566071577
38.00000000000003,0.058228217642203185,0.02467479579802053
48.00000000000003,0.07868686306728706,0.03894897116427983
43.00000000000003,0.06888010491602727,0.01804946949083718
59.00000000000003,0.168803723241708,0.05192463052578703
72.4,0.07081280676720206,0.01735325878589592
57.00000000000003,0.07580715003369179,0.0034312553721218587
48.00000000000003,0.07090812948860196,0.0015857416481301332
83.4,0.08780995875117921,0.002434458192920333
64.39999999999999,0.12865469638308502,0.022881052039769256
27.00000000000003,0.04291021690973686,0.04291021690973686
68.00000000000003,0.10598233664524387,0.003604312382240149
80.4,0.2910971674098965,0.0029981848169165276
45.00000000000003,0.06647573121077478,0.029279319306536523
74.4,0.07095301346313089,0.0008177369196713164
57.00000000000003,0.07488182685884691,0.003910746768584116
57.00000000000003,0.1338102823474175,0.0041162190129504775
27.00000000000003,0.049165994994551425,0.049165994994551425
34.00000000000003,0.3481232708092073,0.01275997906874171
36.00000000000003,0.08616454598910965,0.004757810411550124
76.4,0.06479049145938316,0.004183927590984243
50.00000000000003,0.0625603385408863,0.020384528652765528
64.39999999999999,0.06447342790091708,0.02492138528293443
74.4,0.10363081942980366,0.00021406708385987808
76.4,0.06192442369567268,0.025660031040558032
74.4,0.15587866583022672,0.0005512704227163616
45.00000000000003,0.05104071756860295,0.002841969028231142
27.00000000000003,0.07168908292955185,0.07168908292955185
45.00000000000003,0.07394182141484981,0.005444614311692697
64.39999999999999,0.09057742807458043,0.011704087443624328
68.4,0.08273404836969162,0.005667857966350737
27.00000000000003,0.16533045024906892,0.16533045024906892
38.00000000000003,0.09553080585339538,0.07761122076720706
62.00000000000003,0.04588841873370332,0.011552907922190424
71.4,0.09520364577311394,0.034300082833043505
42.00000000000003,0.11735408776682146,0.0058306766551569095
27.00000000000003,0.07792806804502342,0.07792806804502342
46.00000000000003,0.1072266085646242,0.020375377970340603
59.00000000000003,0.055383908149177916,0.0029627590751911065
70.00000000000003,0.06331011210245177,0.025778609424243964
74.4,0.06865982374402303,0.01439453379994228
34.00000000000003,0.07485333063913248,0.00968272410563065
27.00000000000003,0.035310196175279265,0.035310196175279265
72.4,0.09047488410061584,0.010172526779981088
45.00000000000003,0.0949223988817708,0.0003169034896911513
84.4,0.17699501536671963,0.006363066852487419
64.39999999999999,0.10879963119959962,0.0004227167850798981
50.00000000000003,0.07985116343654466,0.003897620059936564
34.00000000000003,0.07523731278566324,0.0004842202281900441
29.00000000000003,0.1381816433294306,0.12706318984901277
46.00000000000003,0.06814547460090234,0.014420983508037034
84.4,0.06796413494858194,0.028984335799783042
64.39999999999999,0.10432662031209526,0.00265474739200474
84.4,0.06899103937828362,0.00597017426991051
56.00000000000003,0.058305441134309986,0.0009138308333613974
64.39999999999999,0.04632171953347133,0.01341184190578674
83.4,0.3779304254586721,0.00022354330419194375
44.00000000000003,0.05707129461538617,0.00041690917410771406
41.00000000000003,0.06689392183715544,0.002429191895828451
27.00000000000003,0.1369392563214509,0.1369392563214509
80.4,0.04349999123311819,0.01226354974875914
27.00000000000003,0.037522475157974584,0.037522475157974584
76.4,0.05658022086722173,0.0042502513645102605
72.4,0.10702534756372334,0.04276967296529214
49.00000000000003,0.0721447675488742,0.004185909620400644
49.00000000000003,0.07442967763175112,0.00553562148743743
67.4,0.08730356485886503,0.013840473925308678
35.00000000000003,0.05878053038094901,0.014273608613379521
41.00000000000003,0.0706669753123702,0.013614840122560038
44.00000000000003,0.07142435284250782,0.0008154448123347972
76.4,0.10985347248520456,0.01961870021412189
67.4,0.09450810517569358,0.06520390350990249
74.4,0.1286868112129662,0.00025823206242961346
46.00000000000003,0.23328425000740452,0.10921712793120097
68.00000000000003,0.09818510547547582,0.007336421868198668
27.00000000000003,0.03953527937837609,0.03953527937837609
71.4,0.06598814422706197,0.017496671550386984
74.4,0.09620000494780517,0.008401207254367842
86.4,0.075117716840419,0.0014107349569608446
68.00000000000003,0.07362929918283193,0.007780662497603115
64.39999999999999,0.05345270077466359,0.0008062053902365378
68.4,0.16968339215372458,0.011985290562794996
44.00000000000003,0.06123548760052438,0.010357755337963829
44.00000000000003,0.2242921001384073,0.0003805494481113043
35.00000000000003,0.06916049975577075,0.05432983841339985
59.00000000000003,0.04015425678875591,0.001858570011630297
84.4,0.08335840280785631,0.0006264462593853734
49.00000000000003,0.1008068046214229,0.0006113736535357339
27.00000000000003,0.19542851431791208,0.19542851431791208
41.00000000000003,0.05897742471813656,0.019343348664917857
95.4,0.053561939489742375,0.02036844624160437
83.4,0.06007733381887652,0.008907271587239403
74.4,0.1284039650141265,0.0002008490027711474
41.00000000000003,0.11905113288835138,0.00615558493394226
51.00000000000003,0.08897763755748517,0.011682683160467527
71.4,0.0781956124986027,0.0022523908129156124
27.00000000000003,0.14940403588911866,0.14940403588911866
27.00000000000003,0.06302093450227167,0.06302093450227167
79.4,0.07771947674657417,0.00016923598559521306
27.00000000000003,0.0731388154700735,0.0731388154700735
64.39999999999999,0.07615523198687661,0.017771350288105416
68.4,0.0769617216160326,0.008033079619868448
43.00000000000003,0.09228384442934781,0.09151949505427275
83.4,0.1312987962926811,0.0002505343737536741
27.00000000000003,0.13584560807893267,0.13584560807893267
64.39999999999999,0.08860471941171087,0.014201754090685522
76.4,0.05203824957938121,0.03490116241683946
38.00000000000003,0.07911869249390242,0.005238719466453339
84.4,0.12379796136350994,0.031061906315181517
27.00000000000003,0.19749999033535276,0.19749999033535276
46.00000000000003,0.13221052434618927,0.00022530321192280121
45.00000000000003,0.077129367247681,0.0005331102918513785
86.4,0.06383168560888061,0.0008385623046230975
38.00000000000003,0.0827088442524557,0.001173193144922834
72.4,0.09047051996909386,0.01016971944435365
59.00000000000003,0.09338158429546621,0.0032047841853565357
50.00000000000003,0.0653350240362454,0.010129327556445791
50.00000000000003,0.07655237137832724,0.05641926433974899
80.4,0.11746614900798816,0.002619977411200272
41.00000000000003,0.06648276562669116,0.00031252352451336535
43.00000000000003,0.05916234735591833,0.05271847291137048
54.00000000000003,0.12978431356650838,0.006944044142149593
68.4,0.05793517856186602,0.03567440689611256
41.00000000000003,0.15941473405868023,0.001915042316887752
68.4,0.10931121267032859,0.011156887202030771
34.00000000000003,0.06513905468725946,0.025967065293105666
36.00000000000003,0.06557369049337172,0.0022467744028421624
68.00000000000003,0.08923597298881314,0.0016430672716148162
34.00000000000003,0.04381940644385262,0.03798468599304566
29.00000000000003,0.10584485780403867,0.09547746924447617
44.00000000000003,0.10516540853239567,0.0016413033395126034
43.00000000000003,0.08239293555893784,0.07488238991934894
27.00000000000003,0.08025156865766077,0.08025156865766077
79.4,0.06896664878940384,0.010412852687923989
43.00000000000003,0.07091299032435658,0.013806153310013244
68.4,0.24215588776750507,0.03501280645459372
71.4,0.04743063223436711,0.01661251311311682
98.4,0.14894867960139987,0.009252664042088066
46.00000000000003,0.2255384655130283,0.10950674930346606
59.00000000000003,0.07329549966482382,0.028173873134572622
83.4,0.07091557826392811,0.004630146629652645
57.00000000000003,0.023644474332162064,0.016561640005978335
46.00000000000003,0.08346836166444423,0.0015742944045412845
80.4,0.08974267350227609,0.0010220047120323068
76.4,0.08340887318833323,0.02287911478037755
27.00000000000003,0.19554078499607483,0.19554078499607483
27.00000000000003,0.24832266866860234,0.24832266866860234
53.00000000000003,0.07736385466114926,0.03154218774003818
46.00000000000003,0.0701819788596444,0.005613868570297599
41.00000000000003,0.10158919615819764,0.00518908834523819
50.00000000000003,0.09467423206090608,0.058588986651677555
50.00000000000003,0.13229602207644667,0.0028808138416867883
86.4,0.07351048220310435,0.001732629258543738
34.00000000000003,0.06121238372313184,0.01864884090253137
99.4,0.06932468302556931,0.03939222211891287
59.00000000000003,0.13703023972481734,0.033814361417133405
49.00000000000003,0.142151534714124,0.00799646978560145
74.4,0.10282679014553767,0.011148194706925473
44.00000000000003,0.04716628352654874,0.02025242833085638
76.4,0.08180520540916802,0.03430372233583833
77.00000000000003,0.05996836661726627,0.0038795463307978338
45.00000000000003,0.09594194046058711,0.024165762790673197
74.4,0.0668803885206951,0.0012008496512971526
94.4,0.07487786942609523,0.0017880138181267406
56.00000000000003,0.0920231153270439,0.0004093620689226267
44.00000000000003,0.1250927191886064,8.119881828355583e-05
57.00000000000003,0.07051013507386883,0.023567466152790338
27.00000000000003,0.18581285452263158,0.18581285452263158
50.00000000000003,0.09547604709486474,0.006086804997394816
44.00000000000003,0.10105606375436935,0.002432428980122465
71.4,0.06644598325710183,0.009922794739282642
27.00000000000003,0.03012705079224472,0.03012705079224472
49.00000000000003,0.09927096850691222,0.0026941960869003275
59.00000000000003,0.03450555190069,0.021220080578031122
59.00000000000003,0.1341850629360237,0.025049713957802814
44.00000000000003,0.09425328215821879,0.001388628014625147
76.4,0.13017791004411783,0.013537950892944909
64.39999999999999,0.0903090575507183,0.00697050719387949
56.00000000000003,0.17159308324812428,0.00018183537077494727
76.4,0.056235098506254494,0.00908156216076634
68.4,0.14469948436092958,0.035237400735818374
68.4,0.09498036006067997,0.009434171586112887
68.4,0.1982113135957974,0.0426639557922316
74.4,0.06006874273656977,0.0008637160802463188
71.4,0.05264874313378584,8.553761932228884e-05
74.4,0.17625976205307475,0.0032619373973643375
64.39999999999999,0.0662280220144581,0.006540940683966061
41.00000000000003,0.09161341715163748,0.004455707979741882
35.00000000000003,0.08878295911785843,0.011558295873818231
29.00000000000003,0.07230826651044088,0.029284833429754888
41.00000000000003,0.051549055922464754,0.05125004952807052
61.00000000000003,0.055984771761551234,0.00037255952758555365
83.4,0.05953356999728554,6.620197990062277e-05
79.4,0.06350853458463386,0.0015003110155395948
64.39999999999999,0.05711692106435626,0.041273145305258024
91.4,0.08067797160315893,0.01565377992961343
27.00000000000003,0.08903318376559197,0.08903318376559197
48.00000000000003,0.08916942514677278,0.0025920756310075757
79.4,0.08702925622154227,0.0002994691861559931
27.00000000000003,0.05907636758537425,0.05907636758537425
35.00000000000003,0.118664974405649,0.0936798883229184
80.4,0.08673345140496032,0.022965314118329735
86.4,0.07210939974598375,0.005146577596889298
91.4,0.09636146611560772,0.0008604527836868618
74.4,0.07968521479114159,0.0013718254315071834
27.00000000000003,0.06912818340625841,0.06912818340625841
68.4,0.23262848743337178,0.021517391099021437
41.00000000000003,0.05317473842867069,0.041302941221447106
35.00000000000003,0.15146268026865656,0.0965367233612927
45.00000000000003,0.07271366025429656,0.006200962888427898
36.00000000000003,0.23649171531148983,3.6988147944703945e-05
91.4,0.07426408238954049,0.01612802962775047
65.00000000000003,0.07333631473501345,0.009514968370288666
74.4,0.21688062100315852,0.0006983525420311694
80.4,0.15200545643345384,0.0024546440293964312
42.00000000000003,0.04888487547918375,0.01051297180670431
46.00000000000003,0.0922199509893768,0.03183763314592767
45.00000000000003,0.0965138453627797,0.0003578326919810974
68.4,0.5956525231956785,1.1311018256046576e-05
27.00000000000003,0.1876562650121122,0.1876562650121122
91.4,0.05399378375002612,0.00023474543032980187
66.00000000000003,0.1616132078196887,0.0008677212050261762
34.00000000000003,0.10584017623182847,0.05011322652360379
62.00000000000003,0.054355948648806295,0.001625112527669297
72.4,0.1295427644220667,0.011678739718233239
34.00000000000003,0.07446566216099393,0.06918956109636284
45.00000000000003,0.09943739462892927,0.003015881962708834
83.4,0.12939232969824,0.0004992088190154912
27.00000000000003,0.11842059335283216,0.11842059335283216
57.00000000000003,0.15750066194499707,0.0007131522640939497
56.00000000000003,0.0762121295004839,0.0003888010058793906
27.00000000000003,0.03441093182683646,0.03441093182683646
43.00000000000003,0.12042832418139097,0.10124527136233533
35.00000000000003,0.08879823169882066,0.011557775787471126
74.4,0.27877007633254225,0.0009467072545044477
29.00000000000003,0.10485450528010748,0.0006409075431179381
68.4,0.23805186782763402,0.027147828752566473
74.4,0.15693200614386463,0.00037822245066938636
42.00000000000003,0.06370191736476034,0.005533636252148074
80.4,0.07042295793962186,0.0021685662655881737
54.00000000000003,0.07610018758644219,0.0038806444968126075
41.00000000000003,0.0494755966562489,0.00041019939620179477
41.00000000000003,0.04988812175566757,0.016448673197338205
68.4,0.12229658444524909,0.007169968129142755
74.4,0.14943543500315684,0.0011566910972777601
41.00000000000003,0.11367356583757422,0.017186978891719405
84.4,0.21487973825761464,0.06016330946241324
56.00000000000003,0.06809814527849302,0.002999581360250456
46.00000000000003,0.10469060419750681,0.03671452948067077
27.00000000000003,0.11889500786378648,0.11889500786378648
74.4,0.05665603083807729,0.017915151025183047
79.4,0.14546139377464432,0.004768845112555336
27.00000000000003,0.038098742456332914,0.038098742456332914
84.4,0.09882111798615353,0.0003005559156941288
44.00000000000003,0.11545977141541218,0.00021878947048777073
88.4,0.11895191067260315,0.0002910103303836497
53.00000000000003,0.26105344179120116,0.010545121296716704
64.39999999999999,0.09627338536038027,0.006942151510105369
64.39999999999999,0.08515072497854492,0.010712123964711304
44.00000000000003,0.18394134032242992,0.004644047911254479
27.00000000000003,0.07892041648804723,0.07892041648804723
38.00000000000003,0.03917747896105588,0.035844444484832295
57.00000000000003,0.0687151624199451,0.003931865072883436
41.00000000000003,0.04661298046385145,0.020132900711159384
56.00000000000003,0.09182418062425027,0.002995775126522221
54.00000000000003,0.06584826196145534,0.006473582319119963
36.00000000000003,0.12689653208401666,0.019282899292240144
56.00000000000003,0.11078135858020544,9.150770318850099e-05
98.4,0.10144220884861514,8.627212587061913e-05
27.00000000000003,0.17806181897490284,0.17806181897490284
50.00000000000003,0.04652268575874669,0.013694430091048903
57.00000000000003,0.07818818268841472,0.0022884145807600025
44.00000000000003,0.06416007032008567,0.012025754529937692
76.4,0.07794771344944032,0.03714919338177016
49.00000000000003,0.08212193326118943,0.00023786944147720563
74.4,0.10208104486535682,0.0022167532159328433
68.4,0.09707416133156044,0.003296861957813644
50.00000000000003,0.1539902107166202,0.020102253542929535
77.00000000000003,0.1684640656614593,0.01054269060820056
46.00000000000003,0.06583186497990257,0.00029064182859753164
68.4,0.14259721017167112,0.013948012220674596
54.00000000000003,0.14373997877837222,0.0015515003450248127
74.4,0.042716203389234236,0.0157021703815125
72.4,0.08214971401837966,0.028161516834441003
27.00000000000003,0.0788173116123559,0.0788173116123559
98.4,0.03898858957802976,0.01499778858729347
81.00000000000003,0.06718087144804409,0.014030371618166242
57.00000000000003,0.06945666532518707,0.011261275241036196
41.00000000000003,0.12189356343644481,0.025329562406643528
81.00000000000003,0.050810650135871,0.018131720229684675
74.4,0.05862661831917961,0.004620221286166649
34.00000000000003,0.06812871071543833,0.0074339860426877735
91.4,0.0854584605210931,0.005583455713375928
54.00000000000003,0.07430989605385267,0.024852364526893392
79.4,0.272128412154386,0.004733909429526014
57.00000000000003,0.0656861278813481,0.006164107943369487
54.00000000000003,0.05165957725310335,0.032624044392714525
27.00000000000003,0.18033637642181186,0.18033637642181186
34.00000000000003,0.13591401500538902,0.11718202379617422
51.00000000000003,0.09957608509480195,0.0022950279480814283
74.4,0.1467800384576916,0.00021391670529533914
29.00000000000003,0.12455159367907824,0.07930431853041006
29.00000000000003,0.08923395872577428,0.006572020064541661
29.00000000000003,0.03396389143191789,0.03147985949167347
68.00000000000003,0.04987069835575842,0.03147127522847123
68.4,0.23208277100888408,0.02950030027377747
56.00000000000003,0.062045828451907155,0.0007372735347490188
45.00000000000003,0.09382554016837966,0.04690529826059907
68.4,0.10715762716388584,0.01714136327233253
80.4,0.12187887776680373,0.00475179039220396
41.00000000000003,0.13567765592187653,0.08430345829736763
57.00000000000003,0.05504170121850046,0.000160786725161752
67.4,0.10060685455893716,0.015362253821801198
66.00000000000003,0.13262131677034245,0.00027322826083864217
74.4,0.10764929929003886,0.006886832921869936
42.00000000000003,0.10310541369611141,0.05503715614809641
84.4,0.10341871491971538,0.0008919935373497051
34.00000000000003,0.07778548875263286,0.017371559265464263
36.00000000000003,0.04454115222454728,0.013312538096329854
27.00000000000003,0.04250498808796841,0.04250498808796841
62.00000000000003,0.09757503666711212,0.0006975626465739288
27.00000000000003,0.07132130668381528,0.07132130668381528
66.00000000000003,0.06075078577650159,0.0008307406644327763
72.4,0.04623627755049876,0.01670885809365983
70.00000000000003,0.06822716879357582,0.005050883874552221
35.00000000000003,0.06693027799019517,0.0030054809432250853
88.4,0.06799155987892701,0.0008668176320690805
41.00000000000003,0.14366577688160087,0.010621860921393386
79.4,0.05713619475651138,0.01332214129384775
27.00000000000003,0.14556835508056176,0.14556835508056176
43.00000000000003,0.0896819536354051,0.036252245094333634
41.00000000000003,0.09137864870917388,0.00021535081180858284
34.00000000000003,0.14316694756948256,0.10667582590775239
61.00000000000003,0.07837792479797641,0.006784115434284813
50.00000000000003,0.09461601768347307,0.021042184401948702
98.4,0.19615755134652585,0.0035085394201977405
43.00000000000003,0.052316188750207354,0.037383631485753833
83.4,0.10823453651357412,0.0004324025771591746
77.00000000000003,0.1500568526131447,0.004616604275387423
65.00000000000003,0.06145128584329889,0.0003560467533304399
68.00000000000003,0.10975357589093156,0.0034483423092248246
72.4,0.08085022943654252,0.07203833454801079
59.00000000000003,0.14140992028852511,0.0003568564057020303
41.00000000000003,0.16236941520514434,0.011102882950247996
43.00000000000003,0.07317679641769277,0.02713455604855363
54.00000000000003,0.06302479100049975,0.03830220561892135
29.00000000000003,0.1517904487907106,0.11056267767472665
45.00000000000003,0.09016057038437221,0.0011397197327345607
83.4,0.07309441979193332,0.0031487611025957044
51.00000000000003,0.07595191694147112,0.0003454188247005051
29.00000000000003,0.2057426589671073,0.1242301943908254
41.00000000000003,0.06148565005016873,0.007469909345311695
27.00000000000003,0.03761923641319372,0.03761923641319372
49.00000000000003,0.08313788278535435,0.020399062077480667
38.00000000000003,0.07861942925859863,0.02689832902649565
49.00000000000003,0.12163718024577377,0.003529265866548165
44.00000000000003,0.16393114058353495,0.002291485511736304
79.4,0.045250961261874355,0.014745881145903878
59.00000000000003,0.04459829240429034,0.009291568366252634
27.00000000000003,0.12219039657868086,0.12219039657868086
38.00000000000003,0.1082901928995536,0.017369466711050326
42.00000000000003,0.08186431776494768,0.0035077259796410434
98.4,0.10566799027123981,0.013097981993884499
41.00000000000003,0.07655079949631322,0.0002894190295657942
64.39999999999999,0.11840081909795121,8.091369849488142e-05
59.00000000000003,0.13681175063494325,0.024344287746018045
86.4,0.08467299393744264,0.010034445681281834
57.00000000000003,0.06791070776018512,0.002749028878194015
77.00000000000003,0.0771624101455283,0.0003923410858936899
41.00000000000003,0.08096090673530935,0.005288916820903789
91.4,0.05137894493108232,0.014251446492976685
64.39999999999999,0.10838624474318845,0.0415200958355541
50.00000000000003,0.06861000196945263,0.0027460750601773416
61.00000000000003,0.056321605744769236,2.770548767073942e-05
74.4,0.09578497979605859,0.0011346379991768066
41.00000000000003,0.1435103429711123,0.043643623700334096
80.4,0.10324132709798814,0.03118920024373259
35.00000000000003,0.06047214089686918,0.057664384579662095
106.4,0.05347581643281824,0.030953066998344197
67.4,0.09306694600939051,0.01712506965139626
36.00000000000003,0.21470580232666886,0.005654510484507248
79.4,0.06261562437020615,0.014782619950120715
62.00000000000003,0.10204073772617517,0.006162170988019776
65.00000000000003,0.08326436866227847,0.0029323620821177965
72.4,0.0762769688508924,0.007026947830262289
27.00000000000003,0.0377631639614012,0.0377631639614012
65.00000000000003,0.053398657795850665,0.008003330134902955
27.00000000000003,0.184376957789845,0.184376957789845
41.00000000000003,0.050032018739077685,0.0024356545469534888
41.00000000000003,0.11933259518774086,0.021144616829476114
71.4,0.13429815682447385,0.0008730118881557899
36.00000000000003,0.13384637781522027,0.07778020649251333
49.00000000000003,0.16689629818814622,0.005229963547043072
76.4,0.06027196947342431,0.032821135709991754
66.00000000000003,0.12463812565230738,0.00010214971707155947
36.00000000000003,0.24273399829873057,4.071488187791898e-05
80.4,0.09119569445107768,0.003653896683299038
56.00000000000003,0.06295165995421101,0.0014957190301825621
41.00000000000003,0.12945462957589363,0.005744873981730388
80.4,0.15824374062120672,0.02384066963691319
64.39999999999999,0.08327211705150754,0.039492765658102474
74.4,0.08986820708913086,0.01721273191828123
43.00000000000003,0.06730628228807896,0.02966303621350718
38.00000000000003,0.09803734341055546,0.007960232072612837
50.00000000000003,0.07681875388507349,0.025675484043390824
45.00000000000003,0.06564549002302372,0.004180761021388053
59.00000000000003,0.14251413789475073,0.01844047839145213
84.4,0.11233165030779396,0.0167869270103133
68.00000000000003,0.06561295285597253,0.0021197538251333673
49.00000000000003,0.06160138459304562,0.006087605165165467
72.4,0.1742979011897194,0.006302917224644214
74.4,0.14054443835495775,0.002261970702097742
27.00000000000003,0.03390266550765649,0.03390266550765649
74.4,0.15684038902302225,0.0035835489443718322
61.00000000000003,0.06056194722478044,0.004220116070902943
29.00000000000003,0.0551753900683145,0.052171987487963596
42.00000000000003,0.04753749962792149,0.02086566104374453
27.00000000000003,0.040243170738626995,0.040243170738626995
34.00000000000003,0.07616979555235398,0.026181075732204344
27.00000000000003,0.10081428227943706,0.10081428227943706
79.4,0.057859483552742334,0.004720188782635364
72.4,0.16503909209409556,0.019227626570980462
61.00000000000003,0.061996208319697564,0.040920005801611745
57.00000000000003,0.08167465338193974,0.005696249210168838
66.00000000000003,0.07235958724844486,0.015484664384694403
91.4,0.05967842563568978,0.0037408623880640264
80.4,0.28460188575095746,0.007466156283409386
83.4,0.09986145094355024,0.0198794188894545
27.00000000000003,0.17309783388532343,0.17309783388532343
83.4,0.0829752272712306,0.0016017356662881364
48.00000000000003,0.08005099816194314,0.01779291869282082
44.00000000000003,0.06653140330001565,0.033202225863584095
43.00000000000003,0.07075651399966262,0.004522856555105442
41.00000000000003,0.1594300127217567,0.0019201333560654708
35.00000000000003,0.19962991710359093,0.19226166634171554
44.00000000000003,0.0788802710718564,0.028693234183822233
56.00000000000003,0.10984240286948108,0.0009630486416315635
27.00000000000003,0.11544995725800636,0.11544995725800636
106.4,0.06902476639837563,0.013484446231523324
35.00000000000003,0.12991197283881598,0.004393774646737203
42.00000000000003,0.06839096668043021,0.020498123811467144
74.4,0.14152559732040743,0.00033719164567744833
53.00000000000003,0.08043998533529592,0.02979948252176349
43.00000000000003,0.057129608451008076,0.006958263970681414
29.00000000000003,0.13091626327178565,0.03763424772524588
42.00000000000003,0.08449595151365669,0.03629748809814076
27.00000000000003,0.16840249883921032,0.16840249883921032
57.00000000000003,0.04968698836714427,0.0034357837211418047
36.00000000000003,0.21880390091490373,6.113053032667184e-05
84.4,0.27719065574686536,0.019911462047270432
77.00000000000003,0.07878250280611226,0.02818455007420258
57.00000000000003,0.026088762921288033,0.020803160725811544
